﻿<?xml version="1.0" encoding="UTF-8"?>
<!--
Theme: es-theme-ComicScrap for Retrobat - Batocera
version: 2.0
author: Lehcim Cram Trebor
inspired by ComicBook theme by TMNTturtleguy at https://github.com/TMNTturtleguy/es-theme-ComicBook
-->

<theme>
<formatVersion>7</formatVersion>

<view name="system" ifSubset="groupTiles:no|secondCorner|thirdCorner|lastCorner|bottomCorners|crossedCornersInverse">

	<image name="11" extra="true" ifSubset="t11:image|thumbnail|fanart|marquee|boxback|custom|imageBw|thumbnailBw|fanartBw|marqueeBw|boxbackBw|customBw|video|videoBw|videoAudio|videoAudioBw|videoCustom|videoCustomBw|videoCustomAudio|videoCustomAudioBw|pinkComic|blueComic|redComic|yellowComic|greenComic|purpleComic|fireComic">
		<linearSmooth>true</linearSmooth>

		<origin>0.5 0.5</origin>

		<minSize ifSubset="t11:image|thumbnail|fanart|boxback|custom|imageBw|thumbnailBw|fanartBw|boxbackBw|customBw|video|videoBw|videoAudio|videoAudioBw|videoCustom|videoCustomBw|videoCustomAudio|videoCustomAudioBw|pinkComic|blueComic|redComic|yellowComic|greenComic|purpleComic|fireComic">${s.11}</minSize>
		<maxSize ifSubset="t11:marquee|marqueeBw">${s.11}</maxSize>

		<pos>${p.11}</pos>

		<scale ifSubset="t11:marquee|marqueeBw">0.8</scale>

		<zIndex>${sti}</zIndex>
		<zIndex ifSubset="t11:marquee|marqueeBw">${stm}</zIndex>

		<default ifSubset="t11:image|thumbnail|fanart|boxback|custom|imageBw|thumbnailBw|fanartBw|boxbackBw|customBw">./../../_comicScrapV2Custom/tiles/default/11.png</default>
		<default ifSubset="t11:image|thumbnail|fanart|boxback|custom|imageBw|thumbnailBw|fanartBw|boxbackBw|customBw">./../../_comicScrapV2Custom/tiles/default/11.jpg</default>
		<default ifSubset="t11:image|thumbnail|fanart|boxback|custom|imageBw|thumbnailBw|fanartBw|boxbackBw|customBw">./${path.windows}/../../../../_comicScrapV2Custom/tiles/default/11.png</default>
		<default ifSubset="t11:image|thumbnail|fanart|boxback|custom|imageBw|thumbnailBw|fanartBw|boxbackBw|customBw">./${path.windows}/../../../../_comicScrapV2Custom/tiles/default/11.jpg</default>

		<path ifSubset="t11:image|thumbnail|fanart|boxback|custom|imageBw|thumbnailBw|fanartBw|boxbackBw|customBw">./../../_comicScrapV2Custom/tiles/default/11.png</path>
		<path ifSubset="t11:image|thumbnail|fanart|boxback|custom|imageBw|thumbnailBw|fanartBw|boxbackBw|customBw">./../../_comicScrapV2Custom/tiles/default/11.jpg</path>
		<path ifSubset="t11:image|thumbnail|fanart|boxback|custom|imageBw|thumbnailBw|fanartBw|boxbackBw|customBw">./${path.windows}/../../../../_comicScrapV2Custom/tiles/default/11.png</path>
		<path ifSubset="t11:image|thumbnail|fanart|boxback|custom|imageBw|thumbnailBw|fanartBw|boxbackBw|customBw">./${path.windows}/../../../../_comicScrapV2Custom/tiles/default/11.jpg</path>

		<default ifSubset="t11:image|thumbnail|thumbnailBw|boxback|boxbackBw|fanart|fanartBw|imageBw|video|videoBw|videoAudio|videoAudioBw|videoCustom|videoCustomBw|videoCustomAudio|videoCustomAudioBw">./../../_comicScrapV2Custom/tiles/${system.theme}/11.png</default>
		<default ifSubset="t11:image|thumbnail|thumbnailBw|boxback|boxbackBw|fanart|fanartBw|imageBw|video|videoBw|videoAudio|videoAudioBw|videoCustom|videoCustomBw|videoCustomAudio|videoCustomAudioBw">./../../_comicScrapV2Custom/tiles/${system.theme}/11.jpg</default>
		<default ifSubset="t11:image|thumbnail|thumbnailBw|boxback|boxbackBw|fanart|fanartBw|imageBw|video|videoBw|videoAudio|videoAudioBw|videoCustom|videoCustomBw|videoCustomAudio|videoCustomAudioBw">./${path.windows}/../../../../_comicScrapV2Custom/tiles/${system.theme}/11.png</default>
		<default ifSubset="t11:image|thumbnail|thumbnailBw|boxback|boxbackBw|fanart|fanartBw|imageBw|video|videoBw|videoAudio|videoAudioBw|videoCustom|videoCustomBw|videoCustomAudio|videoCustomAudioBw">./${path.windows}/../../../../_comicScrapV2Custom/tiles/${system.theme}/11.jpg</default>
		<path ifSubset="t11:image|imageBw|video|videoBw|videoAudio|videoAudioBw|videoCustom|videoCustomBw|videoCustomAudio|videoCustomAudioBw">{random:image}</path>

		<path ifSubset="t11:thumbnail|thumbnailBw">{random:thumbnail}</path>

		<path ifSubset="t11:fanart|fanartBw">{random:fanart}</path>

		<path ifSubset="t11:boxback|boxbackBw">{random:fanart}</path>
		<path ifSubset="t11:boxback|boxbackBw">{random:boxback}</path>

		<default ifSubset="t11:marquee|marqueeBw">./../../_comicScrapV2Custom/marquees/default/11.png</default>
		<default ifSubset="t11:marquee|marqueeBw">./${path.windows}/../../../../_comicScrapV2Custom/marquees/default/11.png</default>
		<default ifSubset="t11:marquee|marqueeBw">./../../_comicScrapV2Custom/marquees/${system.theme}/11.png</default>
		<default ifSubset="t11:marquee|marqueeBw">./${path.windows}/../../../../_comicScrapV2Custom/marquees/${system.theme}/11.png</default>
		<path ifSubset="t11:marquee|marqueeBw">{random:marquee}</path>
		<path ifSubset="forceCustomMarquees:yes,t11:marquee|marqueeBw">./../../_comicScrapV2Custom/marquees/${system.theme}/11.png</path>
		<path ifSubset="forceCustomMarquees:yes,t11:marquee|marqueeBw">./${path.windows}/../../../../_comicScrapV2Custom/marquees/${system.theme}/11.png</path>

		<path ifSubset="t11:custom|customBw">{random:fanart}</path>
		<path ifSubset="t11:custom|customBw">./../../_comicScrapV2Custom/tiles/${system.theme}/11.png</path>
		<path ifSubset="t11:custom|customBw">./../../_comicScrapV2Custom/tiles/${system.theme}/11.jpg</path>
		<path ifSubset="t11:custom|customBw">./${path.windows}/../../../../_comicScrapV2Custom/tiles/${system.theme}/11.png</path>
		<path ifSubset="t11:custom|customBw">./${path.windows}/../../../../_comicScrapV2Custom/tiles/${system.theme}/11.jpg</path>

		<path ifSubset="t11:pinkComic">./11.png</path>
		<path ifSubset="t11:blueComic">./12.png</path>
		<path ifSubset="t11:redComic">./13.png</path>
		<path ifSubset="t11:yellowComic">./14.png</path>
		<path ifSubset="t11:greenComic">./22.png</path>
		<path ifSubset="t11:purpleComic">./21.png</path>
		<path ifSubset="t11:fireComic">./23.png</path>
		
		<saturation ifSubset="t11:imageBw|thumbnailBw|fanartBw|marqueeBw|boxbackBw|customBw|videoBw|videoAudioBw|videoCustomBw|videoCustomAudioBw">0</saturation>
		<color>${tintTiles}</color>

		<opacity ifSubset="t11:marquee|marqueeBw">0</opacity>
		<storyboard repeat="forever" ifSubset="t11:marquee|marqueeBw">
			<animation property="opacity" from="0" to="0" duration="350" mode="linear"/>
			<animation property="opacity" from="0" to="1" duration="350" mode="linear" begin="350"/>
			<animation property="opacity" from="1" to="0" duration="350" mode="linear" begin="9300"/>
			<animation property="scale" from="0.8" to="0.8" duration="10000" mode="linear"/>
		</storyboard>
	</image>

	<image name="11b" extra="true" ifSubset="t11:marquee|marqueeBw|video|videoBw|videoAudio|videoAudioBw|videoCustom|videoCustomBw|videoCustomAudio|videoCustomAudioBw">
		<linearSmooth>true</linearSmooth>
		<origin>0.5 0.5</origin>
		<zIndex>${stbi}</zIndex>
		<path>./11.png</path>
		<pos>${p.11}</pos>
		<minSize>${s.11}</minSize>
		<saturation ifSubset="t11:marqueeBw|videoBw|videoAudioBw|videoCustomBw|videoCustomAudioBw">0</saturation>
		<color>${tintTiles}</color>
	</image>

	<image name="11c" extra="true" ifSubset="forceCustoms:yes">
		<linearSmooth>true</linearSmooth>
		<origin>0.5 0.5</origin>
		<zIndex>${sti}</zIndex>
		<pos>${p.11}</pos>
		<minSize>${s.11}</minSize>
		<saturation>1.4</saturation>
		<saturation ifSubset="t11:imageBw|thumbnailBw|fanartBw|marqueeBw|boxbackBw|customBw|videoBw|videoAudioBw|videoCustomBw|videoCustomAudioBw">0</saturation>
		<color>${tintTiles}</color>
		<path>./../../_comicScrapV2Custom/tiles/${system.theme}/11.png</path>
		<path>./../../_comicScrapV2Custom/tiles/${system.theme}/11.jpg</path>
		<path>./${path.windows}/../../../../_comicScrapV2Custom/tiles/${system.theme}/11.png</path>
		<path>./${path.windows}/../../../../_comicScrapV2Custom/tiles/${system.theme}/11.jpg</path>
	</image>

	<video name="v11" extra="true" ifSubset="t11:video|videoBw|videoAudio|videoAudioBw|videoCustom|videoCustomBw|videoCustomAudio|videoCustomAudioBw">
		<delay>0.1</delay>
		<effect>none</effect>
		<origin>0.5 0.5</origin>
		<pos>${p.11}</pos>
		<minSize>${s.11}</minSize>
		<zIndex>${sti}</zIndex>
		<audio ifSubset="t11:video|videoBw|videoCustom|videoCustomBw">false</audio>
		<saturation ifSubset="t11:videoBw|videoAudioBw|videoCustomBw|videoCustomAudioBw">0</saturation>

		<path>{random}</path>

		<path ifSubset="t11:videoCustom|videoCustomBw|videoCustomAudio|videoCustomAudioBw">./../../_comicScrapV2Custom/tiles/${system.theme}/11.mp4</path>
		<path ifSubset="t11:videoCustom|videoCustomBw|videoCustomAudio|videoCustomAudioBw">./${path.windows}/../../../../_comicScrapV2Custom/tiles/${system.theme}/11.mp4</path>
		<color>${tintTiles}</color>
	</video>
</view>

</theme>
