﻿<?xml version="1.0" encoding="UTF-8"?>
<!--
Theme: es-theme-ComicScrap for Retrobat - Batocera
version: 2.0
author: Lehcim Cram Trebor
inspired by ComicBook theme by TMNTturtleguy at https://github.com/TMNTturtleguy/es-theme-ComicBook
-->

<theme>
<formatVersion>7</formatVersion>

<view name="system">

	<image name="22" extra="true" ifSubset="t22:image|thumbnail|fanart|boxback|custom|imageBw|thumbnailBw|fanartBw|boxbackBw|customBw|video|videoBw|videoAudio|videoAudioBw|videoCustom|videoCustomBw|videoCustomAudio|videoCustomAudioBw">

		<visible ifSubset="t22:themeInclude">false</visible>
		<visible ifSubset="groupTiles:allTiles,t22:emptyTile">false</visible>

		<linearSmooth>true</linearSmooth>

		<origin>0.5 0.5</origin>

		<minSize ifSubset="t22:image|thumbnail|fanart|boxback|custom|imageBw|thumbnailBw|fanartBw|boxbackBw|customBw|video|videoBw|videoAudio|videoAudioBw|videoCustom|videoCustomBw|videoCustomAudio|videoCustomAudioBw">${s.22}</minSize>

		<pos>${p.22}</pos>

		<zIndex>${sti}</zIndex>

		<default ifSubset="t22:image|thumbnail|fanart|boxback|custom|imageBw|thumbnailBw|fanartBw|boxbackBw|customBw">./../../_comicScrapV2Custom/tiles/default/22.png</default>
		<default ifSubset="t22:image|thumbnail|fanart|boxback|custom|imageBw|thumbnailBw|fanartBw|boxbackBw|customBw">./../../_comicScrapV2Custom/tiles/default/22.jpg</default>
		<default ifSubset="t22:image|thumbnail|fanart|boxback|custom|imageBw|thumbnailBw|fanartBw|boxbackBw|customBw">./${path.windows}/../../../../_comicScrapV2Custom/tiles/default/22.png</default>
		<default ifSubset="t22:image|thumbnail|fanart|boxback|custom|imageBw|thumbnailBw|fanartBw|boxbackBw|customBw">./${path.windows}/../../../../_comicScrapV2Custom/tiles/default/22.jpg</default>

		<path ifSubset="t22:image|thumbnail|fanart|boxback|custom|imageBw|thumbnailBw|fanartBw|boxbackBw|customBw">./../../_comicScrapV2Custom/tiles/default/22.png</path>
		<path ifSubset="t22:image|thumbnail|fanart|boxback|custom|imageBw|thumbnailBw|fanartBw|boxbackBw|customBw">./../../_comicScrapV2Custom/tiles/default/22.jpg</path>
		<path ifSubset="t22:image|thumbnail|fanart|boxback|custom|imageBw|thumbnailBw|fanartBw|boxbackBw|customBw">./${path.windows}/../../../../_comicScrapV2Custom/tiles/default/22.png</path>
		<path ifSubset="t22:image|thumbnail|fanart|boxback|custom|imageBw|thumbnailBw|fanartBw|boxbackBw|customBw">./${path.windows}/../../../../_comicScrapV2Custom/tiles/default/22.jpg</path>

		<default ifSubset="t22:image|thumbnail|thumbnailBw|boxback|boxbackBw|fanart|fanartBw|imageBw|video|videoBw|videoAudio|videoAudioBw|videoCustom|videoCustomBw|videoCustomAudio|videoCustomAudioBw">./../../_comicScrapV2Custom/tiles/${system.theme}/22.png</default>
		<default ifSubset="t22:image|thumbnail|thumbnailBw|boxback|boxbackBw|fanart|fanartBw|imageBw|video|videoBw|videoAudio|videoAudioBw|videoCustom|videoCustomBw|videoCustomAudio|videoCustomAudioBw">./../../_comicScrapV2Custom/tiles/${system.theme}/22.jpg</default>
		<default ifSubset="t22:image|thumbnail|thumbnailBw|boxback|boxbackBw|fanart|fanartBw|imageBw|video|videoBw|videoAudio|videoAudioBw|videoCustom|videoCustomBw|videoCustomAudio|videoCustomAudioBw">./${path.windows}/../../../../_comicScrapV2Custom/tiles/${system.theme}/22.png</default>
		<default ifSubset="t22:image|thumbnail|thumbnailBw|boxback|boxbackBw|fanart|fanartBw|imageBw|video|videoBw|videoAudio|videoAudioBw|videoCustom|videoCustomBw|videoCustomAudio|videoCustomAudioBw">./${path.windows}/../../../../_comicScrapV2Custom/tiles/${system.theme}/22.jpg</default>
		<path ifSubset="t22:image|imageBw|video|videoBw|videoAudio|videoAudioBw|videoCustom|videoCustomBw|videoCustomAudio|videoCustomAudioBw">{random:image}</path>

		<path ifSubset="t22:thumbnail|thumbnailBw">{random:thumbnail}</path>

		<path ifSubset="t22:fanart|fanartBw">{random:fanart}</path>

		<path ifSubset="t22:boxback|boxbackBw">{random:fanart}</path>
		<path ifSubset="t22:boxback|boxbackBw">{random:boxback}</path>

		<path ifSubset="t22:custom|customBw">{random:fanart}</path>
		<path ifSubset="t22:custom|customBw">./../../_comicScrapV2Custom/tiles/${system.theme}/22.png</path>
		<path ifSubset="t22:custom|customBw">./../../_comicScrapV2Custom/tiles/${system.theme}/22.jpg</path>
		<path ifSubset="t22:custom|customBw">./${path.windows}/../../../../_comicScrapV2Custom/tiles/${system.theme}/22.png</path>
		<path ifSubset="t22:custom|customBw">./${path.windows}/../../../../_comicScrapV2Custom/tiles/${system.theme}/22.jpg</path>
		
		<saturation ifSubset="t22:imageBw|thumbnailBw|fanartBw|boxbackBw|customBw|videoBw|videoAudioBw|videoCustomBw|videoCustomAudioBw">0</saturation>
		<color>${tintTiles}</color>

	</image>

	<image name="22b" extra="true" ifSubset="t22:video|videoBw|videoAudio|videoAudioBw|videoCustom|videoCustomBw|videoCustomAudio|videoCustomAudioBw">

		<visible ifSubset="t22:themeInclude">false</visible>
		<visible ifSubset="groupTiles:allTiles,t22:emptyTile">false</visible>

		<linearSmooth>true</linearSmooth>
		<origin>0.5 0.5</origin>
		<zIndex>${stbi}</zIndex>
		<path>./22.png</path>
		<pos>${p.22}</pos>
		<minSize>${s.22}</minSize>
		<saturation ifSubset="t22:videoBw|videoAudioBw|videoCustomBw|videoCustomAudioBw">0</saturation>
		<color>${tintTiles}</color>
	</image>

	<video name="v22" extra="true" ifSubset="t22:video|videoBw|videoAudio|videoAudioBw|videoCustom|videoCustomBw|videoCustomAudio|videoCustomAudioBw">

		<visible ifSubset="t22:themeInclude">false</visible>
		<visible ifSubset="groupTiles:allTiles,t22:emptyTile">false</visible>

		<delay>0.1</delay>
		<effect>none</effect>
		<origin>0.5 0.5</origin>
		<pos>${p.22}</pos>
		<minSize>${s.22}</minSize>
		<zIndex>${sti}</zIndex>
		<audio ifSubset="t22:video|videoBw|videoCustom|videoCustomBw">false</audio>
		<saturation ifSubset="t22:videoBw|videoAudioBw|videoCustomBw|videoCustomAudioBw">0</saturation>

		<path>{random}</path>

		<path ifSubset="t22:videoCustom|videoCustomBw|videoCustomAudio|videoCustomAudioBw">./../../_comicScrapV2Custom/tiles/${system.theme}/22.mp4</path>
		<path ifSubset="t22:videoCustom|videoCustomBw|videoCustomAudio|videoCustomAudioBw">./${path.windows}/../../../../_comicScrapV2Custom/tiles/${system.theme}/22.mp4</path>
		<color>${tintTiles}</color>
	</video>
</view>

</theme>
