﻿<?xml version="1.0" encoding="UTF-8"?>
<!--
Theme: es-theme-ComicScrap for Retrobat - Batocera
version: 2.0
author: Lehcim Cram Trebor
inspired by ComicBook theme by TMNTturtleguy at https://github.com/TMNTturtleguy/es-theme-ComicBook
-->

<theme>
<formatVersion>7</formatVersion>

<view name="system" ifSubset="groupTiles:no|firstCorner|thirdCorner">

	<image name="23" extra="true" ifSubset="t23:image|thumbnail|fanart|boxback|custom|imageBw|thumbnailBw|fanartBw|boxbackBw|customBw|video|videoBw|videoAudio|videoAudioBw|videoCustom|videoCustomBw|videoCustomAudio|videoCustomAudioBw|pinkComic|blueComic|redComic|yellowComic|greenComic|purpleComic|fireComic">
		<linearSmooth>true</linearSmooth>

		<origin>0.5 0.5</origin>

		<minSize ifSubset="t23:image|thumbnail|fanart|boxback|custom|imageBw|thumbnailBw|fanartBw|boxbackBw|customBw|video|videoBw|videoAudio|videoAudioBw|videoCustom|videoCustomBw|videoCustomAudio|videoCustomAudioBw|pinkComic|blueComic|redComic|yellowComic|greenComic|purpleComic|fireComic">${s.23}</minSize>

		<pos>${p.23}</pos>

		<zIndex>${sti}</zIndex>

		<default ifSubset="t23:image|thumbnail|fanart|boxback|custom|imageBw|thumbnailBw|fanartBw|boxbackBw|customBw">./../../_comicScrapV2Custom/tiles/default/23.png</default>
		<default ifSubset="t23:image|thumbnail|fanart|boxback|custom|imageBw|thumbnailBw|fanartBw|boxbackBw|customBw">./../../_comicScrapV2Custom/tiles/default/23.jpg</default>
		<default ifSubset="t23:image|thumbnail|fanart|boxback|custom|imageBw|thumbnailBw|fanartBw|boxbackBw|customBw">./${path.windows}/../../../../_comicScrapV2Custom/tiles/default/23.png</default>
		<default ifSubset="t23:image|thumbnail|fanart|boxback|custom|imageBw|thumbnailBw|fanartBw|boxbackBw|customBw">./${path.windows}/../../../../_comicScrapV2Custom/tiles/default/23.jpg</default>

		<path ifSubset="t23:image|thumbnail|fanart|boxback|custom|imageBw|thumbnailBw|fanartBw|boxbackBw|customBw">./../../_comicScrapV2Custom/tiles/default/23.png</path>
		<path ifSubset="t23:image|thumbnail|fanart|boxback|custom|imageBw|thumbnailBw|fanartBw|boxbackBw|customBw">./../../_comicScrapV2Custom/tiles/default/23.jpg</path>
		<path ifSubset="t23:image|thumbnail|fanart|boxback|custom|imageBw|thumbnailBw|fanartBw|boxbackBw|customBw">./${path.windows}/../../../../_comicScrapV2Custom/tiles/default/23.png</path>
		<path ifSubset="t23:image|thumbnail|fanart|boxback|custom|imageBw|thumbnailBw|fanartBw|boxbackBw|customBw">./${path.windows}/../../../../_comicScrapV2Custom/tiles/default/23.jpg</path>

		<default ifSubset="t23:image|thumbnail|thumbnailBw|boxback|boxbackBw|fanart|fanartBw|imageBw|video|videoBw|videoAudio|videoAudioBw|videoCustom|videoCustomBw|videoCustomAudio|videoCustomAudioBw">./../../_comicScrapV2Custom/tiles/${system.theme}/23.png</default>
		<default ifSubset="t23:image|thumbnail|thumbnailBw|boxback|boxbackBw|fanart|fanartBw|imageBw|video|videoBw|videoAudio|videoAudioBw|videoCustom|videoCustomBw|videoCustomAudio|videoCustomAudioBw">./../../_comicScrapV2Custom/tiles/${system.theme}/23.jpg</default>
		<default ifSubset="t23:image|thumbnail|thumbnailBw|boxback|boxbackBw|fanart|fanartBw|imageBw|video|videoBw|videoAudio|videoAudioBw|videoCustom|videoCustomBw|videoCustomAudio|videoCustomAudioBw">./${path.windows}/../../../../_comicScrapV2Custom/tiles/${system.theme}/23.png</default>
		<default ifSubset="t23:image|thumbnail|thumbnailBw|boxback|boxbackBw|fanart|fanartBw|imageBw|video|videoBw|videoAudio|videoAudioBw|videoCustom|videoCustomBw|videoCustomAudio|videoCustomAudioBw">./${path.windows}/../../../../_comicScrapV2Custom/tiles/${system.theme}/23.jpg</default>
		<path ifSubset="t23:image|imageBw|video|videoBw|videoAudio|videoAudioBw|videoCustom|videoCustomBw|videoCustomAudio|videoCustomAudioBw">{random:image}</path>

		<path ifSubset="t23:thumbnail|thumbnailBw">{random:thumbnail}</path>

		<path ifSubset="t23:fanart|fanartBw">{random:fanart}</path>

		<path ifSubset="t23:boxback|boxbackBw">{random:fanart}</path>
		<path ifSubset="t23:boxback|boxbackBw">{random:boxback}</path>

		<path ifSubset="t23:custom|customBw">{random:fanart}</path>
		<path ifSubset="t23:custom|customBw">./../../_comicScrapV2Custom/tiles/${system.theme}/23.png</path>
		<path ifSubset="t23:custom|customBw">./../../_comicScrapV2Custom/tiles/${system.theme}/23.jpg</path>
		<path ifSubset="t23:custom|customBw">./${path.windows}/../../../../_comicScrapV2Custom/tiles/${system.theme}/23.png</path>
		<path ifSubset="t23:custom|customBw">./${path.windows}/../../../../_comicScrapV2Custom/tiles/${system.theme}/23.jpg</path>

		<path ifSubset="t23:pinkComic">./11.png</path>
		<path ifSubset="t23:blueComic">./12.png</path>
		<path ifSubset="t23:redComic">./13.png</path>
		<path ifSubset="t23:yellowComic">./14.png</path>
		<path ifSubset="t23:greenComic">./22.png</path>
		<path ifSubset="t23:purpleComic">./21.png</path>
		<path ifSubset="t23:fireComic">./23.png</path>
		
		<saturation ifSubset="t23:imageBw|thumbnailBw|fanartBw|boxbackBw|customBw|videoBw|videoAudioBw|videoCustomBw|videoCustomAudioBw">0</saturation>
		<color>${tintTiles}</color>

	</image>

	<image name="23b" extra="true" ifSubset="t23:video|videoBw|videoAudio|videoAudioBw|videoCustom|videoCustomBw|videoCustomAudio|videoCustomAudioBw">
		<linearSmooth>true</linearSmooth>
		<origin>0.5 0.5</origin>
		<zIndex>${stbi}</zIndex>
		<path>./23.png</path>
		<pos>${p.23}</pos>
		<minSize>${s.23}</minSize>
		<saturation ifSubset="t23:videoBw|videoAudioBw|videoCustomBw|videoCustomAudioBw">0</saturation>
		<color>${tintTiles}</color>
	</image>

	<image name="23c" extra="true" ifSubset="forceCustoms:yes">
		<linearSmooth>true</linearSmooth>
		<origin>0.5 0.5</origin>
		<zIndex>${sti}</zIndex>
		<pos>${p.23}</pos>
		<minSize>${s.23}</minSize>
		<saturation ifSubset="t23:imageBw|thumbnailBw|fanartBw|boxbackBw|customBw|videoBw|videoAudioBw|videoCustomBw|videoCustomAudioBw">0</saturation>
		<color>${tintTiles}</color>
		<path>./../../_comicScrapV2Custom/tiles/${system.theme}/23.png</path>
		<path>./../../_comicScrapV2Custom/tiles/${system.theme}/23.jpg</path>
		<path>./${path.windows}/../../../../_comicScrapV2Custom/tiles/${system.theme}/23.png</path>
		<path>./${path.windows}/../../../../_comicScrapV2Custom/tiles/${system.theme}/23.jpg</path>
	</image>

	<video name="v23" extra="true" ifSubset="t23:video|videoBw|videoAudio|videoAudioBw|videoCustom|videoCustomBw|videoCustomAudio|videoCustomAudioBw">
		<delay>0.1</delay>
		<effect>none</effect>
		<origin>0.5 0.5</origin>
		<pos>${p.23}</pos>
		<minSize>${s.23}</minSize>
		<zIndex>${sti}</zIndex>
		<audio ifSubset="t23:video|videoBw|videoCustom|videoCustomBw">false</audio>
		<saturation ifSubset="t23:videoBw|videoAudioBw|videoCustomBw|videoCustomAudioBw">0</saturation>

		<path>{random}</path>

		<path ifSubset="t23:videoCustom|videoCustomBw|videoCustomAudio|videoCustomAudioBw">./../../_comicScrapV2Custom/tiles/${system.theme}/23.mp4</path>
		<path ifSubset="t23:videoCustom|videoCustomBw|videoCustomAudio|videoCustomAudioBw">./${path.windows}/../../../../_comicScrapV2Custom/tiles/${system.theme}/23.mp4</path>
		<color>${tintTiles}</color>
	</video>
</view>

</theme>
