﻿<?xml version="1.0" encoding="UTF-8"?>
<!--
Theme: es-theme-ComicScrap for Retrobat - Batocera
version: 2.0
author: Lehcim Cram Trebor
inspired by ComicBook theme by TMNTturtleguy at https://github.com/TMNTturtleguy/es-theme-ComicBook
-->

<theme>
<formatVersion>7</formatVersion>

<view name="system" ifSubset="groupTiles:allTiles">

	<image name="allTiles" extra="true" ifSubset="allTilesSource:image|thumbnail|fanart|boxback|custom|imageBw|thumbnailBw|fanartBw|boxbackBw|customBw|video|videoBw|videoAudio|videoAudioBw|videoCustom|videoCustomBw|videoCustomAudio|videoCustomAudioBw|pinkComic|blueComic|redComic|yellowComic|greenComic|purpleComic|fireComic">
		<linearSmooth>true</linearSmooth>

		<origin>0.5 0.5</origin>

		<minSize ifSubset="allTilesSource:image|thumbnail|fanart|boxback|custom|imageBw|thumbnailBw|fanartBw|boxbackBw|customBw|video|videoBw|videoAudio|videoAudioBw|videoCustom|videoCustomBw|videoCustomAudio|videoCustomAudioBw|pinkComic|blueComic|redComic|yellowComic|greenComic|purpleComic|fireComic">${s.allTiles}</minSize>

		<pos>${p.allTiles}</pos>

		<zIndex>${mti}</zIndex>

		<default ifSubset="allTilesSource:image|thumbnail|fanart|boxback|custom|imageBw|thumbnailBw|fanartBw|boxbackBw|customBw">./../../_comicScrapV2Custom/tiles/default/allTiles.png</default>
		<default ifSubset="allTilesSource:image|thumbnail|fanart|boxback|custom|imageBw|thumbnailBw|fanartBw|boxbackBw|customBw">./../../_comicScrapV2Custom/tiles/default/allTiles.jpg</default>
		<default ifSubset="allTilesSource:image|thumbnail|fanart|boxback|custom|imageBw|thumbnailBw|fanartBw|boxbackBw|customBw">./${path.windows}/../../../../_comicScrapV2Custom/tiles/default/allTiles.png</default>
		<default ifSubset="allTilesSource:image|thumbnail|fanart|boxback|custom|imageBw|thumbnailBw|fanartBw|boxbackBw|customBw">./${path.windows}/../../../../_comicScrapV2Custom/tiles/default/allTiles.jpg</default>

		<path ifSubset="allTilesSource:image|thumbnail|fanart|boxback|custom|imageBw|thumbnailBw|fanartBw|boxbackBw|customBw">./../../_comicScrapV2Custom/tiles/default/allTiles.png</path>
		<path ifSubset="allTilesSource:image|thumbnail|fanart|boxback|custom|imageBw|thumbnailBw|fanartBw|boxbackBw|customBw">./../../_comicScrapV2Custom/tiles/default/allTiles.jpg</path>
		<path ifSubset="allTilesSource:image|thumbnail|fanart|boxback|custom|imageBw|thumbnailBw|fanartBw|boxbackBw|customBw">./${path.windows}/../../../../_comicScrapV2Custom/tiles/default/allTiles.png</path>
		<path ifSubset="allTilesSource:image|thumbnail|fanart|boxback|custom|imageBw|thumbnailBw|fanartBw|boxbackBw|customBw">./${path.windows}/../../../../_comicScrapV2Custom/tiles/default/allTiles.jpg</path>

		<default ifSubset="allTilesSource:image|thumbnail|thumbnailBw|boxback|boxbackBw|fanart|fanartBw|imageBw|video|videoBw|videoAudio|videoAudioBw|videoCustom|videoCustomBw|videoCustomAudio|videoCustomAudioBw">./../../_comicScrapV2Custom/tiles/${system.theme}/allTiles.png</default>
		<default ifSubset="allTilesSource:image|thumbnail|thumbnailBw|boxback|boxbackBw|fanart|fanartBw|imageBw|video|videoBw|videoAudio|videoAudioBw|videoCustom|videoCustomBw|videoCustomAudio|videoCustomAudioBw">./../../_comicScrapV2Custom/tiles/${system.theme}/allTiles.jpg</default>
		<default ifSubset="allTilesSource:image|thumbnail|thumbnailBw|boxback|boxbackBw|fanart|fanartBw|imageBw|video|videoBw|videoAudio|videoAudioBw|videoCustom|videoCustomBw|videoCustomAudio|videoCustomAudioBw">./${path.windows}/../../../../_comicScrapV2Custom/tiles/${system.theme}/allTiles.png</default>
		<default ifSubset="allTilesSource:image|thumbnail|thumbnailBw|boxback|boxbackBw|fanart|fanartBw|imageBw|video|videoBw|videoAudio|videoAudioBw|videoCustom|videoCustomBw|videoCustomAudio|videoCustomAudioBw">./${path.windows}/../../../../_comicScrapV2Custom/tiles/${system.theme}/allTiles.jpg</default>
		<path ifSubset="allTilesSource:image|imageBw|video|videoBw|videoAudio|videoAudioBw|videoCustom|videoCustomBw|videoCustomAudio|videoCustomAudioBw">{random:image}</path>

		<path ifSubset="allTilesSource:thumbnail|thumbnailBw">{random:thumbnail}</path>

		<path ifSubset="allTilesSource:fanart|fanartBw">{random:fanart}</path>

		<path ifSubset="allTilesSource:boxback|boxbackBw">{random:fanart}</path>
		<path ifSubset="allTilesSource:boxback|boxbackBw">{random:boxback}</path>

		<path ifSubset="allTilesSource:custom|customBw">{random:fanart}</path>
		<path ifSubset="allTilesSource:custom|customBw">./../../_comicScrapV2Custom/tiles/${system.theme}/allTiles.png</path>
		<path ifSubset="allTilesSource:custom|customBw">./../../_comicScrapV2Custom/tiles/${system.theme}/allTiles.jpg</path>
		<path ifSubset="allTilesSource:custom|customBw">./${path.windows}/../../../../_comicScrapV2Custom/tiles/${system.theme}/allTiles.png</path>
		<path ifSubset="allTilesSource:custom|customBw">./${path.windows}/../../../../_comicScrapV2Custom/tiles/${system.theme}/allTiles.jpg</path>

		<path ifSubset="allTilesSource:pinkComic">./bigPink.png</path>
		<path ifSubset="allTilesSource:blueComic">./bigBlue.png</path>
		<path ifSubset="allTilesSource:redComic">./bigRed.png</path>
		<path ifSubset="allTilesSource:yellowComic">./bigYellow.png</path>
		<path ifSubset="allTilesSource:greenComic">./bigGreen.png</path>
		<path ifSubset="allTilesSource:purpleComic">./bigPurple.png</path>
		<path ifSubset="allTilesSource:fireComic">./bigFire.png</path>

		<saturation ifSubset="allTilesSource:imageBw|thumbnailBw|fanartBw|boxbackBw|customBw|videoBw|videoAudioBw|videoCustomBw|videoCustomAudioBw">0</saturation>
		<color>${tintTiles}</color>
	</image>

	<image name="allTilesb" extra="true" ifSubset="allTilesSource:video|videoBw|videoAudio|videoAudioBw|videoCustom|videoCustomBw|videoCustomAudio|videoCustomAudioBw">
		<linearSmooth>true</linearSmooth>
		<origin>0.5 0.5</origin>
		<zIndex>${mtbi}</zIndex>
		<path>./allTiles.png</path>
		<pos>${p.allTiles}</pos>
		<minSize>${s.allTiles}</minSize>
		<saturation ifSubset="allTilesSource:videoBw|videoAudioBw|videoCustomBw|videoCustomAudioBw">0</saturation>
		<color>${tintTiles}</color>
	</image>

	<image name="allTilesc" extra="true" ifSubset="forceCustoms:yes">
		<linearSmooth>true</linearSmooth>
		<origin>0.5 0.5</origin>
		<zIndex>${mti}</zIndex>
		<pos>${p.allTiles}</pos>
		<minSize>${s.allTiles}</minSize>
		<saturation ifSubset="allTilesSource:imageBw|thumbnailBw|fanartBw|boxbackBw|customBw|videoBw|videoAudioBw|videoCustomBw|videoCustomAudioBw">0</saturation>
		<color>${tintTiles}</color>
		<path>./../../_comicScrapV2Custom/tiles/${system.theme}/allTiles.png</path>
		<path>./../../_comicScrapV2Custom/tiles/${system.theme}/allTiles.jpg</path>
		<path>./${path.windows}/../../../../_comicScrapV2Custom/tiles/${system.theme}/allTiles.png</path>
		<path>./${path.windows}/../../../../_comicScrapV2Custom/tiles/${system.theme}/allTiles.jpg</path>
	</image>

	<video name="vallTiles" extra="true" ifSubset="allTilesSource:video|videoBw|videoAudio|videoAudioBw|videoCustom|videoCustomBw|videoCustomAudio|videoCustomAudioBw">
		<delay>0.1</delay>
		<effect>none</effect>
		<origin>0.5 0.5</origin>
		<pos>${p.allTiles}</pos>
		<minSize>${s.allTiles}</minSize>
		<zIndex>${mti}</zIndex>
		<audio ifSubset="allTilesSource:video|videoBw|videoCustom|videoCustomBw">false</audio>
		<saturation ifSubset="allTilesSource:videoBw|videoAudioBw|videoCustomBw|videoCustomAudioBw">0</saturation>

		<path>{random}</path>

		<path ifSubset="allTilesSource:videoCustom|videoCustomBw|videoCustomAudio|videoCustomAudioBw">./../../_comicScrapV2Custom/tiles/${system.theme}/allTiles.mp4</path>
		<path ifSubset="allTilesSource:videoCustom|videoCustomBw|videoCustomAudio|videoCustomAudioBw">./${path.windows}/../../../../_comicScrapV2Custom/tiles/${system.theme}/allTiles.mp4</path>
		<color>${tintTiles}</color>
	</video>
</view>

</theme>
