﻿<?xml version="1.0" encoding="UTF-8"?>
<!--
Theme: es-theme-ComicScrap for Retrobat - Batocera
version: 2.0
author: Lehcim Cram Trebor
inspired by ComicBook theme by TMNTturtleguy at https://github.com/TMNTturtleguy/es-theme-ComicBook
-->

<theme>
<formatVersion>7</formatVersion>

<view name="system" ifSubset="groupTiles:firstCorner|upperCorners|crossedCorners">

	<image name="firstCorner" extra="true" ifSubset="firstCornerSource:image|thumbnail|fanart|boxback|custom|imageBw|thumbnailBw|fanartBw|boxbackBw|customBw|video|videoBw|videoAudio|videoAudioBw|videoCustom|videoCustomBw|videoCustomAudio|videoCustomAudioBw|pinkComic|blueComic|redComic|yellowComic|greenComic|purpleComic|fireComic">
		<linearSmooth>true</linearSmooth>

		<origin>0.5 0.5</origin>

		<minSize ifSubset="firstCornerSource:image|thumbnail|fanart|boxback|custom|imageBw|thumbnailBw|fanartBw|boxbackBw|customBw|video|videoBw|videoAudio|videoAudioBw|videoCustom|videoCustomBw|videoCustomAudio|videoCustomAudioBw|pinkComic|blueComic|redComic|yellowComic|greenComic|purpleComic|fireComic">${s.firstCorner}</minSize>

		<pos>${p.firstCorner}</pos>

		<zIndex>${mti}</zIndex>

		<default ifSubset="firstCornerSource:image|thumbnail|fanart|boxback|custom|imageBw|thumbnailBw|fanartBw|boxbackBw|customBw">./../../_comicScrapV2Custom/tiles/default/firstCorner.png</default>
		<default ifSubset="firstCornerSource:image|thumbnail|fanart|boxback|custom|imageBw|thumbnailBw|fanartBw|boxbackBw|customBw">./../../_comicScrapV2Custom/tiles/default/firstCorner.jpg</default>
		<default ifSubset="firstCornerSource:image|thumbnail|fanart|boxback|custom|imageBw|thumbnailBw|fanartBw|boxbackBw|customBw">./${path.windows}/../../../../_comicScrapV2Custom/tiles/default/firstCorner.png</default>
		<default ifSubset="firstCornerSource:image|thumbnail|fanart|boxback|custom|imageBw|thumbnailBw|fanartBw|boxbackBw|customBw">./${path.windows}/../../../../_comicScrapV2Custom/tiles/default/firstCorner.jpg</default>

		<path ifSubset="firstCornerSource:image|thumbnail|fanart|boxback|custom|imageBw|thumbnailBw|fanartBw|boxbackBw|customBw">./../../_comicScrapV2Custom/tiles/default/firstCorner.png</path>
		<path ifSubset="firstCornerSource:image|thumbnail|fanart|boxback|custom|imageBw|thumbnailBw|fanartBw|boxbackBw|customBw">./../../_comicScrapV2Custom/tiles/default/firstCorner.jpg</path>
		<path ifSubset="firstCornerSource:image|thumbnail|fanart|boxback|custom|imageBw|thumbnailBw|fanartBw|boxbackBw|customBw">./${path.windows}/../../../../_comicScrapV2Custom/tiles/default/firstCorner.png</path>
		<path ifSubset="firstCornerSource:image|thumbnail|fanart|boxback|custom|imageBw|thumbnailBw|fanartBw|boxbackBw|customBw">./${path.windows}/../../../../_comicScrapV2Custom/tiles/default/firstCorner.jpg</path>

		<default ifSubset="firstCornerSource:image|thumbnail|thumbnailBw|boxback|boxbackBw|fanart|fanartBw|imageBw|video|videoBw|videoAudio|videoAudioBw|videoCustom|videoCustomBw|videoCustomAudio|videoCustomAudioBw">./../../_comicScrapV2Custom/tiles/${system.theme}/firstCorner.png</default>
		<default ifSubset="firstCornerSource:image|thumbnail|thumbnailBw|boxback|boxbackBw|fanart|fanartBw|imageBw|video|videoBw|videoAudio|videoAudioBw|videoCustom|videoCustomBw|videoCustomAudio|videoCustomAudioBw">./../../_comicScrapV2Custom/tiles/${system.theme}/firstCorner.jpg</default>
		<default ifSubset="firstCornerSource:image|thumbnail|thumbnailBw|boxback|boxbackBw|fanart|fanartBw|imageBw|video|videoBw|videoAudio|videoAudioBw|videoCustom|videoCustomBw|videoCustomAudio|videoCustomAudioBw">./${path.windows}/../../../../_comicScrapV2Custom/tiles/${system.theme}/firstCorner.png</default>
		<default ifSubset="firstCornerSource:image|thumbnail|thumbnailBw|boxback|boxbackBw|fanart|fanartBw|imageBw|video|videoBw|videoAudio|videoAudioBw|videoCustom|videoCustomBw|videoCustomAudio|videoCustomAudioBw">./${path.windows}/../../../../_comicScrapV2Custom/tiles/${system.theme}/firstCorner.jpg</default>
		<path ifSubset="firstCornerSource:image|imageBw|video|videoBw|videoAudio|videoAudioBw|videoCustom|videoCustomBw|videoCustomAudio|videoCustomAudioBw">{random:image}</path>

		<path ifSubset="firstCornerSource:thumbnail|thumbnailBw">{random:thumbnail}</path>

		<path ifSubset="firstCornerSource:fanart|fanartBw">{random:fanart}</path>

		<path ifSubset="firstCornerSource:boxback|boxbackBw">{random:fanart}</path>
		<path ifSubset="firstCornerSource:boxback|boxbackBw">{random:boxback}</path>

		<path ifSubset="firstCornerSource:custom|customBw">{random:fanart}</path>
		<path ifSubset="firstCornerSource:custom|customBw">./../../_comicScrapV2Custom/tiles/${system.theme}/firstCorner.png</path>
		<path ifSubset="firstCornerSource:custom|customBw">./../../_comicScrapV2Custom/tiles/${system.theme}/firstCorner.jpg</path>
		<path ifSubset="firstCornerSource:custom|customBw">./${path.windows}/../../../../_comicScrapV2Custom/tiles/${system.theme}/firstCorner.png</path>
		<path ifSubset="firstCornerSource:custom|customBw">./${path.windows}/../../../../_comicScrapV2Custom/tiles/${system.theme}/firstCorner.jpg</path>

		<path ifSubset="firstCornerSource:pinkComic">./medPink.png</path>
		<path ifSubset="firstCornerSource:blueComic">./medBlue.png</path>
		<path ifSubset="firstCornerSource:redComic">./medRed.png</path>
		<path ifSubset="firstCornerSource:yellowComic">./medYellow.png</path>
		<path ifSubset="firstCornerSource:greenComic">./medGreen.png</path>
		<path ifSubset="firstCornerSource:purpleComic">./medPurple.png</path>
		<path ifSubset="firstCornerSource:fireComic">./medFire.png</path>
		
		<saturation ifSubset="firstCornerSource:imageBw|thumbnailBw|fanartBw|boxbackBw|customBw|videoBw|videoAudioBw|videoCustomBw|videoCustomAudioBw">0</saturation>
		<color>${tintTiles}</color>
	</image>

	<image name="firstCornerb" extra="true" ifSubset="firstCornerSource:video|videoBw|videoAudio|videoAudioBw|videoCustom|videoCustomBw|videoCustomAudio|videoCustomAudioBw">
		<linearSmooth>true</linearSmooth>
		<origin>0.5 0.5</origin>
		<zIndex>${mtbi}</zIndex>
		<path>./firstCorner.png</path>
		<pos>${p.firstCorner}</pos>
		<minSize>${s.firstCorner}</minSize>
		<saturation ifSubset="firstCornerSource:videoBw|videoAudioBw|videoCustomBw|videoCustomAudioBw">0</saturation>
		<color>${tintTiles}</color>
	</image>

	<image name="firstCornerc" extra="true" ifSubset="forceCustoms:yes">
		<linearSmooth>true</linearSmooth>
		<origin>0.5 0.5</origin>
		<zIndex>${mti}</zIndex>
		<pos>${p.firstCorner}</pos>
		<minSize>${s.firstCorner}</minSize>
		<saturation ifSubset="firstCornerSource:imageBw|thumbnailBw|fanartBw|boxbackBw|customBw|videoBw|videoAudioBw|videoCustomBw|videoCustomAudioBw">0</saturation>
		<color>${tintTiles}</color>
		<path>./../../_comicScrapV2Custom/tiles/${system.theme}/firstCorner.png</path>
		<path>./../../_comicScrapV2Custom/tiles/${system.theme}/firstCorner.jpg</path>
		<path>./${path.windows}/../../../../_comicScrapV2Custom/tiles/${system.theme}/firstCorner.png</path>
		<path>./${path.windows}/../../../../_comicScrapV2Custom/tiles/${system.theme}/firstCorner.jpg</path>
	</image>

	<video name="vfirstCorner" extra="true" ifSubset="firstCornerSource:video|videoBw|videoAudio|videoAudioBw|videoCustom|videoCustomBw|videoCustomAudio|videoCustomAudioBw">
		<delay>0.1</delay>
		<effect>none</effect>
		<origin>0.5 0.5</origin>
		<pos>${p.firstCorner}</pos>
		<minSize>${s.firstCorner}</minSize>
		<zIndex>${mti}</zIndex>
		<audio ifSubset="firstCornerSource:video|videoBw|videoCustom|videoCustomBw">false</audio>
		<saturation ifSubset="firstCornerSource:videoBw|videoAudioBw|videoCustomBw|videoCustomAudioBw">0</saturation>

		<path>{random}</path>

		<path ifSubset="firstCornerSource:videoCustom|videoCustomBw|videoCustomAudio|videoCustomAudioBw">./../../_comicScrapV2Custom/tiles/${system.theme}/firstCorner.mp4</path>
		<path ifSubset="firstCornerSource:videoCustom|videoCustomBw|videoCustomAudio|videoCustomAudioBw">./${path.windows}/../../../../_comicScrapV2Custom/tiles/${system.theme}/firstCorner.mp4</path>
		<color>${tintTiles}</color>
	</video>
</view>

</theme>
