﻿<?xml version="1.0" encoding="UTF-8"?>
<!--
Theme: es-theme-ComicScrap for Retrobat - Batocera
version: 2.0
author: Lehcim Cram Trebor
inspired by ComicBook theme by TMNTturtleguy at https://github.com/TMNTturtleguy/es-theme-ComicBook
-->

<theme>
<formatVersion>7</formatVersion>

<view name="system" ifSubset="groupTiles:secondCorner|upperCorners|crossedCornersInverse">

	<image name="secondCorner" extra="true" ifSubset="secondCornerSource:image|thumbnail|fanart|boxback|custom|imageBw|thumbnailBw|fanartBw|boxbackBw|customBw|video|videoBw|videoAudio|videoAudioBw|videoCustom|videoCustomBw|videoCustomAudio|videoCustomAudioBw|pinkComic|blueComic|redComic|yellowComic|greenComic|purpleComic|fireComic">
		<linearSmooth>true</linearSmooth>

		<origin>0.5 0.5</origin>

		<minSize ifSubset="secondCornerSource:image|thumbnail|fanart|boxback|custom|imageBw|thumbnailBw|fanartBw|boxbackBw|customBw|video|videoBw|videoAudio|videoAudioBw|videoCustom|videoCustomBw|videoCustomAudio|videoCustomAudioBw|pinkComic|blueComic|redComic|yellowComic|greenComic|purpleComic|fireComic">${s.secondCorner}</minSize>

		<pos>${p.secondCorner}</pos>

		<zIndex>${mti}</zIndex>

		<default ifSubset="secondCornerSource:image|thumbnail|fanart|boxback|custom|imageBw|thumbnailBw|fanartBw|boxbackBw|customBw">./../../_comicScrapV2Custom/tiles/default/secondCorner.png</default>
		<default ifSubset="secondCornerSource:image|thumbnail|fanart|boxback|custom|imageBw|thumbnailBw|fanartBw|boxbackBw|customBw">./../../_comicScrapV2Custom/tiles/default/secondCorner.jpg</default>
		<default ifSubset="secondCornerSource:image|thumbnail|fanart|boxback|custom|imageBw|thumbnailBw|fanartBw|boxbackBw|customBw">./${path.windows}/../../../../_comicScrapV2Custom/tiles/default/secondCorner.png</default>
		<default ifSubset="secondCornerSource:image|thumbnail|fanart|boxback|custom|imageBw|thumbnailBw|fanartBw|boxbackBw|customBw">./${path.windows}/../../../../_comicScrapV2Custom/tiles/default/secondCorner.jpg</default>

		<path ifSubset="secondCornerSource:image|thumbnail|fanart|boxback|custom|imageBw|thumbnailBw|fanartBw|boxbackBw|customBw">./../../_comicScrapV2Custom/tiles/default/secondCorner.png</path>
		<path ifSubset="secondCornerSource:image|thumbnail|fanart|boxback|custom|imageBw|thumbnailBw|fanartBw|boxbackBw|customBw">./../../_comicScrapV2Custom/tiles/default/secondCorner.jpg</path>
		<path ifSubset="secondCornerSource:image|thumbnail|fanart|boxback|custom|imageBw|thumbnailBw|fanartBw|boxbackBw|customBw">./${path.windows}/../../../../_comicScrapV2Custom/tiles/default/secondCorner.png</path>
		<path ifSubset="secondCornerSource:image|thumbnail|fanart|boxback|custom|imageBw|thumbnailBw|fanartBw|boxbackBw|customBw">./${path.windows}/../../../../_comicScrapV2Custom/tiles/default/secondCorner.jpg</path>

		<default ifSubset="secondCornerSource:image|thumbnail|thumbnailBw|boxback|boxbackBw|fanart|fanartBw|imageBw|video|videoBw|videoAudio|videoAudioBw|videoCustom|videoCustomBw|videoCustomAudio|videoCustomAudioBw">./../../_comicScrapV2Custom/tiles/${system.theme}/secondCorner.png</default>
		<default ifSubset="secondCornerSource:image|thumbnail|thumbnailBw|boxback|boxbackBw|fanart|fanartBw|imageBw|video|videoBw|videoAudio|videoAudioBw|videoCustom|videoCustomBw|videoCustomAudio|videoCustomAudioBw">./../../_comicScrapV2Custom/tiles/${system.theme}/secondCorner.jpg</default>
		<default ifSubset="secondCornerSource:image|thumbnail|thumbnailBw|boxback|boxbackBw|fanart|fanartBw|imageBw|video|videoBw|videoAudio|videoAudioBw|videoCustom|videoCustomBw|videoCustomAudio|videoCustomAudioBw">./${path.windows}/../../../../_comicScrapV2Custom/tiles/${system.theme}/secondCorner.png</default>
		<default ifSubset="secondCornerSource:image|thumbnail|thumbnailBw|boxback|boxbackBw|fanart|fanartBw|imageBw|video|videoBw|videoAudio|videoAudioBw|videoCustom|videoCustomBw|videoCustomAudio|videoCustomAudioBw">./${path.windows}/../../../../_comicScrapV2Custom/tiles/${system.theme}/secondCorner.jpg</default>
		<path ifSubset="secondCornerSource:image|imageBw|video|videoBw|videoAudio|videoAudioBw|videoCustom|videoCustomBw|videoCustomAudio|videoCustomAudioBw">{random:image}</path>

		<path ifSubset="secondCornerSource:thumbnail|thumbnailBw">{random:thumbnail}</path>

		<path ifSubset="secondCornerSource:fanart|fanartBw">{random:fanart}</path>

		<path ifSubset="secondCornerSource:boxback|boxbackBw">{random:fanart}</path>
		<path ifSubset="secondCornerSource:boxback|boxbackBw">{random:boxback}</path>

		<path ifSubset="secondCornerSource:custom|customBw">{random:fanart}</path>
		<path ifSubset="secondCornerSource:custom|customBw">./../../_comicScrapV2Custom/tiles/${system.theme}/secondCorner.png</path>
		<path ifSubset="secondCornerSource:custom|customBw">./../../_comicScrapV2Custom/tiles/${system.theme}/secondCorner.jpg</path>
		<path ifSubset="secondCornerSource:custom|customBw">./${path.windows}/../../../../_comicScrapV2Custom/tiles/${system.theme}/secondCorner.png</path>
		<path ifSubset="secondCornerSource:custom|customBw">./${path.windows}/../../../../_comicScrapV2Custom/tiles/${system.theme}/secondCorner.jpg</path>

		<path ifSubset="secondCornerSource:pinkComic">./medPink.png</path>
		<path ifSubset="secondCornerSource:blueComic">./medBlue.png</path>
		<path ifSubset="secondCornerSource:redComic">./medRed.png</path>
		<path ifSubset="secondCornerSource:yellowComic">./medYellow.png</path>
		<path ifSubset="secondCornerSource:greenComic">./medGreen.png</path>
		<path ifSubset="secondCornerSource:purpleComic">./medPurple.png</path>
		<path ifSubset="secondCornerSource:fireComic">./medFire.png</path>
	
		<saturation ifSubset="secondCornerSource:imageBw|thumbnailBw|fanartBw|boxbackBw|customBw|videoBw|videoAudioBw|videoCustomBw|videoCustomAudioBw">0</saturation>
		<color>${tintTiles}</color>
	</image>

	<image name="secondCornerb" extra="true" ifSubset="secondCornerSource:video|videoBw|videoAudio|videoAudioBw|videoCustom|videoCustomBw|videoCustomAudio|videoCustomAudioBw">
		<linearSmooth>true</linearSmooth>
		<origin>0.5 0.5</origin>
		<zIndex>${mtbi}</zIndex>
		<path>./secondCorner.png</path>
		<pos>${p.secondCorner}</pos>
		<minSize>${s.secondCorner}</minSize>
		<saturation ifSubset="secondCornerSource:videoBw|videoAudioBw|videoCustomBw|videoCustomAudioBw">0</saturation>
		<color>${tintTiles}</color>
	</image>

	<image name="secondCornerb" extra="true" ifSubset="forceCustoms:yes">
		<linearSmooth>true</linearSmooth>
		<origin>0.5 0.5</origin>
		<zIndex>${mti}</zIndex>
		<pos>${p.secondCorner}</pos>
		<minSize>${s.secondCorner}</minSize>
		<saturation ifSubset="secondCornerSource:imageBw|thumbnailBw|fanartBw|boxbackBw|customBw|videoBw|videoAudioBw|videoCustomBw|videoCustomAudioBw">0</saturation>
		<color>${tintTiles}</color>
		<path>./../../_comicScrapV2Custom/tiles/${system.theme}/secondCorner.png</path>
		<path>./../../_comicScrapV2Custom/tiles/${system.theme}/secondCorner.jpg</path>
		<path>./${path.windows}/../../../../_comicScrapV2Custom/tiles/${system.theme}/secondCorner.png</path>
		<path>./${path.windows}/../../../../_comicScrapV2Custom/tiles/${system.theme}/secondCorner.jpg</path>
	</image>

	<video name="vsecondCorner" extra="true" ifSubset="secondCornerSource:video|videoBw|videoAudio|videoAudioBw|videoCustom|videoCustomBw|videoCustomAudio|videoCustomAudioBw">
		<delay>0.1</delay>
		<effect>none</effect>
		<origin>0.5 0.5</origin>
		<pos>${p.secondCorner}</pos>
		<minSize>${s.secondCorner}</minSize>
		<zIndex>${mti}</zIndex>
		<audio ifSubset="secondCornerSource:video|videoBw|videoCustom|videoCustomBw">false</audio>
		<saturation ifSubset="secondCornerSource:videoBw|videoAudioBw|videoCustomBw|videoCustomAudioBw">0</saturation>

		<path>{random}</path>

		<path ifSubset="secondCornerSource:videoCustom|videoCustomBw|videoCustomAudio|videoCustomAudioBw">./../../_comicScrapV2Custom/tiles/${system.theme}/secondCorner.mp4</path>
		<path ifSubset="secondCornerSource:videoCustom|videoCustomBw|videoCustomAudio|videoCustomAudioBw">./${path.windows}/../../../../_comicScrapV2Custom/tiles/${system.theme}/secondCorner.mp4</path>
		<color>${tintTiles}</color>
	</video>
</view>

</theme>
