﻿<?xml version="1.0" encoding="UTF-8"?>
<!--
Theme: es-theme-ComicScrap for Retrobat - Batocera
version: 2.0
author: Lehcim Cram Trebor
inspired by ComicBook theme by TMNTturtleguy at https://github.com/TMNTturtleguy/es-theme-ComicBook
-->

<theme>
<formatVersion>7</formatVersion>

<view name="system" ifSubset="groupTiles:thirdCorner|bottomCorners|crossedCornersInverse">

	<image name="thirdCorner" extra="true" ifSubset="thirdCornerSource:image|thumbnail|fanart|boxback|custom|imageBw|thumbnailBw|fanartBw|boxbackBw|customBw|video|videoBw|videoAudio|videoAudioBw|videoCustom|videoCustomBw|videoCustomAudio|videoCustomAudioBw|pinkComic|blueComic|redComic|yellowComic|greenComic|purpleComic|fireComic">
		<linearSmooth>true</linearSmooth>

		<origin>0.5 0.5</origin>

		<minSize ifSubset="thirdCornerSource:image|thumbnail|fanart|boxback|custom|imageBw|thumbnailBw|fanartBw|boxbackBw|customBw|video|videoBw|videoAudio|videoAudioBw|videoCustom|videoCustomBw|videoCustomAudio|videoCustomAudioBw|pinkComic|blueComic|redComic|yellowComic|greenComic|purpleComic|fireComic">${s.thirdCorner}</minSize>

		<pos>${p.thirdCorner}</pos>

		<zIndex>${mti}</zIndex>

		<default ifSubset="thirdCornerSource:image|thumbnail|fanart|boxback|custom|imageBw|thumbnailBw|fanartBw|boxbackBw|customBw">./../../_comicScrapV2Custom/tiles/default/thirdCorner.png</default>
		<default ifSubset="thirdCornerSource:image|thumbnail|fanart|boxback|custom|imageBw|thumbnailBw|fanartBw|boxbackBw|customBw">./../../_comicScrapV2Custom/tiles/default/thirdCorner.jpg</default>
		<default ifSubset="thirdCornerSource:image|thumbnail|fanart|boxback|custom|imageBw|thumbnailBw|fanartBw|boxbackBw|customBw">./${path.windows}/../../../../_comicScrapV2Custom/tiles/default/thirdCorner.png</default>
		<default ifSubset="thirdCornerSource:image|thumbnail|fanart|boxback|custom|imageBw|thumbnailBw|fanartBw|boxbackBw|customBw">./${path.windows}/../../../../_comicScrapV2Custom/tiles/default/thirdCorner.jpg</default>

		<path ifSubset="thirdCornerSource:image|thumbnail|fanart|boxback|custom|imageBw|thumbnailBw|fanartBw|boxbackBw|customBw">./../../_comicScrapV2Custom/tiles/default/thirdCorner.png</path>
		<path ifSubset="thirdCornerSource:image|thumbnail|fanart|boxback|custom|imageBw|thumbnailBw|fanartBw|boxbackBw|customBw">./../../_comicScrapV2Custom/tiles/default/thirdCorner.jpg</path>
		<path ifSubset="thirdCornerSource:image|thumbnail|fanart|boxback|custom|imageBw|thumbnailBw|fanartBw|boxbackBw|customBw">./${path.windows}/../../../../_comicScrapV2Custom/tiles/default/thirdCorner.png</path>
		<path ifSubset="thirdCornerSource:image|thumbnail|fanart|boxback|custom|imageBw|thumbnailBw|fanartBw|boxbackBw|customBw">./${path.windows}/../../../../_comicScrapV2Custom/tiles/default/thirdCorner.jpg</path>

		<default ifSubset="thirdCornerSource:image|thumbnail|thumbnailBw|boxback|boxbackBw|fanart|fanartBw|imageBw|video|videoBw|videoAudio|videoAudioBw|videoCustom|videoCustomBw|videoCustomAudio|videoCustomAudioBw">./../../_comicScrapV2Custom/tiles/${system.theme}/thirdCorner.png</default>
		<default ifSubset="thirdCornerSource:image|thumbnail|thumbnailBw|boxback|boxbackBw|fanart|fanartBw|imageBw|video|videoBw|videoAudio|videoAudioBw|videoCustom|videoCustomBw|videoCustomAudio|videoCustomAudioBw">./../../_comicScrapV2Custom/tiles/${system.theme}/thirdCorner.jpg</default>
		<default ifSubset="thirdCornerSource:image|thumbnail|thumbnailBw|boxback|boxbackBw|fanart|fanartBw|imageBw|video|videoBw|videoAudio|videoAudioBw|videoCustom|videoCustomBw|videoCustomAudio|videoCustomAudioBw">./${path.windows}/../../../../_comicScrapV2Custom/tiles/${system.theme}/thirdCorner.png</default>
		<default ifSubset="thirdCornerSource:image|thumbnail|thumbnailBw|boxback|boxbackBw|fanart|fanartBw|imageBw|video|videoBw|videoAudio|videoAudioBw|videoCustom|videoCustomBw|videoCustomAudio|videoCustomAudioBw">./${path.windows}/../../../../_comicScrapV2Custom/tiles/${system.theme}/thirdCorner.jpg</default>
		<path ifSubset="thirdCornerSource:image|imageBw|video|videoBw|videoAudio|videoAudioBw|videoCustom|videoCustomBw|videoCustomAudio|videoCustomAudioBw">{random:image}</path>

		<path ifSubset="thirdCornerSource:thumbnail|thumbnailBw">{random:thumbnail}</path>

		<path ifSubset="thirdCornerSource:fanart|fanartBw">{random:fanart}</path>

		<path ifSubset="thirdCornerSource:boxback|boxbackBw">{random:fanart}</path>
		<path ifSubset="thirdCornerSource:boxback|boxbackBw">{random:boxback}</path>

		<path ifSubset="thirdCornerSource:custom|customBw">{random:fanart}</path>
		<path ifSubset="thirdCornerSource:custom|customBw">./../../_comicScrapV2Custom/tiles/${system.theme}/thirdCorner.png</path>
		<path ifSubset="thirdCornerSource:custom|customBw">./../../_comicScrapV2Custom/tiles/${system.theme}/thirdCorner.jpg</path>
		<path ifSubset="thirdCornerSource:custom|customBw">./${path.windows}/../../../../_comicScrapV2Custom/tiles/${system.theme}/thirdCorner.png</path>
		<path ifSubset="thirdCornerSource:custom|customBw">./${path.windows}/../../../../_comicScrapV2Custom/tiles/${system.theme}/thirdCorner.jpg</path>

		<path ifSubset="thirdCornerSource:pinkComic">./medPink.png</path>
		<path ifSubset="thirdCornerSource:blueComic">./medBlue.png</path>
		<path ifSubset="thirdCornerSource:redComic">./medRed.png</path>
		<path ifSubset="thirdCornerSource:yellowComic">./medYellow.png</path>
		<path ifSubset="thirdCornerSource:greenComic">./medGreen.png</path>
		<path ifSubset="thirdCornerSource:purpleComic">./medPurple.png</path>
		<path ifSubset="thirdCornerSource:fireComic">./medFire.png</path>
		
		<saturation ifSubset="thirdCornerSource:imageBw|thumbnailBw|fanartBw|boxbackBw|customBw|videoBw|videoAudioBw|videoCustomBw|videoCustomAudioBw">0</saturation>
		<color>${tintTiles}</color>
	</image>

	<image name="thirdCornerb" extra="true" ifSubset="thirdCornerSource:video|videoBw|videoAudio|videoAudioBw|videoCustom|videoCustomBw|videoCustomAudio|videoCustomAudioBw">
		<linearSmooth>true</linearSmooth>
		<origin>0.5 0.5</origin>
		<zIndex>${mtbi}</zIndex>
		<path>./thirdCorner.png</path>
		<pos>${p.thirdCorner}</pos>
		<minSize>${s.thirdCorner}</minSize>
		<saturation ifSubset="thirdCornerSource:videoBw|videoAudioBw|videoCustomBw|videoCustomAudioBw">0</saturation>
		<color>${tintTiles}</color>
	</image>

	<image name="thirdCornerc" extra="true" ifSubset="forceCustoms:yes">
		<linearSmooth>true</linearSmooth>
		<origin>0.5 0.5</origin>
		<zIndex>${mti}</zIndex>
		<pos>${p.thirdCorner}</pos>
		<minSize>${s.thirdCorner}</minSize>
		<saturation ifSubset="thirdCornerSource:imageBw|thumbnailBw|fanartBw|boxbackBw|customBw|videoBw|videoAudioBw|videoCustomBw|videoCustomAudioBw">0</saturation>
		<color>${tintTiles}</color>
		<path>./../../_comicScrapV2Custom/tiles/${system.theme}/thirdCorner.png</path>
		<path>./../../_comicScrapV2Custom/tiles/${system.theme}/thirdCorner.jpg</path>
		<path>./${path.windows}/../../../../_comicScrapV2Custom/tiles/${system.theme}/thirdCorner.png</path>
		<path>./${path.windows}/../../../../_comicScrapV2Custom/tiles/${system.theme}/thirdCorner.jpg</path>
	</image>

	<video name="vthirdCorner" extra="true" ifSubset="thirdCornerSource:video|videoBw|videoAudio|videoAudioBw|videoCustom|videoCustomBw|videoCustomAudio|videoCustomAudioBw">
		<delay>0.1</delay>
		<effect>none</effect>
		<origin>0.5 0.5</origin>
		<pos>${p.thirdCorner}</pos>
		<minSize>${s.thirdCorner}</minSize>
		<zIndex>${mti}</zIndex>
		<audio ifSubset="thirdCornerSource:video|videoBw|videoCustom|videoCustomBw">false</audio>
		<saturation ifSubset="thirdCornerSource:videoBw|videoAudioBw|videoCustomBw|videoCustomAudioBw">0</saturation>

		<path>{random}</path>

		<path ifSubset="thirdCornerSource:videoCustom|videoCustomBw|videoCustomAudio|videoCustomAudioBw">./../../_comicScrapV2Custom/tiles/${system.theme}/thirdCorner.mp4</path>
		<path ifSubset="thirdCornerSource:videoCustom|videoCustomBw|videoCustomAudio|videoCustomAudioBw">./${path.windows}/../../../../_comicScrapV2Custom/tiles/${system.theme}/thirdCorner.mp4</path>
		<color>${tintTiles}</color>
	</video>
</view>

</theme>
